"unique_id","GP1","GP2","GP3","GP4","GP5","GP6","GP7","FT","FP","FR","FS"
20,0,0,0,0,0,0,0,0,1,0,0
22,0,0,0,0,0,1,0,0,1,0,0
23,0,0,0,0,0,1,0,1,0,0,0
24,0,0,0,0,0,1,0,1,1,0,0
25,0,0,0,0,0,0,0,0,1,0,0
26,0,0,0,0,0,0,0,1,1,0,0
27,0,0,0,0,1,1,0,1,1,0,1
28,0,0,0,0,0,0,0,1,0,0,0
29,0,0,0,0,0,1,0,1,0,0,0
30,0,0,0,0,0,1,0,0,1,0,0
31,0,0,0,0,0,1,0,1,1,0,0
32,0,0,0,0,1,1,0,1,1,0,1
33,0,0,0,0,1,1,0,0,1,0,1
34,0,0,0,0,0,1,0,1,0,0,0
35,0,0,0,0,0,1,0,1,1,0,0
36,0,0,0,0,1,0,0,1,0,0,1
37,0,0,0,0,0,0,0,1,0,0,0
38,0,0,0,0,0,1,0,1,0,0,0
39,0,0,0,0,0,1,0,1,0,0,0
40,0,0,0,0,0,0,0,1,0,0,0
42,0,0,0,0,0,0,0,1,0,0,0
43,1,0,0,0,1,0,0,1,0,0,1
44,0,0,0,0,0,0,0,1,0,0,0
45,0,0,0,0,1,0,0,0,0,0,1
46,0,0,0,0,0,1,0,1,1,0,0
48,0,0,0,0,0,1,0,1,0,0,1
49,0,0,0,0,1,0,0,0,0,0,1
53,0,0,0,0,1,0,0,0,0,0,1
54,0,0,0,0,0,0,0,0,0,0,1
55,0,0,0,0,0,0,0,0,0,0,1
68,0,0,0,0,0,1,0,1,0,0,0
154,0,1,0,0,0,1,0,1,1,0,0
156,0,1,0,0,0,1,0,1,0,0,0
286,0,0,0,0,0,0,0,0,1,0,0
308,0,0,0,0,0,1,0,1,0,0,0
375,0,0,0,0,0,0,0,0,0,0,1
492,0,0,0,0,0,1,0,0,1,0,0
494,0,0,0,0,0,1,0,1,1,0,0
501,0,0,0,0,0,0,0,0,1,0,0
518,0,0,0,0,0,0,0,1,0,0,0
522,0,0,0,0,0,1,0,1,0,0,0
523,0,0,0,0,0,0,0,0,0,0,0
524,0,0,0,0,0,1,0,1,1,0,0
534,0,0,0,0,0,1,0,0,1,0,0
612,0,0,0,0,0,1,0,1,0,0,0
613,0,0,0,0,0,1,0,0,1,0,0
614,0,0,0,0,1,1,0,1,0,0,0
615,0,0,0,0,0,0,0,0,1,0,0
656,0,0,0,0,0,0,0,0,0,0,1
665,0,0,0,0,0,0,0,0,1,0,0
666,0,0,0,0,0,0,0,0,0,0,0
667,0,0,0,0,0,1,0,1,1,0,0
693,0,0,0,0,0,1,0,1,0,0,0
694,0,0,0,0,0,0,0,1,0,0,0
697,0,0,0,0,0,0,0,0,1,0,0
709,0,0,0,0,0,0,0,0,1,0,0
711,0,0,0,0,0,0,0,1,1,0,0
712,0,0,0,0,0,0,0,0,1,0,0
732,0,0,0,0,0,0,0,0,0,0,0
750,0,0,0,0,0,1,0,1,1,0,0
758,0,0,0,0,0,1,0,0,1,0,0
761,0,0,0,0,0,1,0,1,1,0,0
771,0,0,0,0,0,0,0,1,0,0,0
775,0,0,0,0,0,0,0,0,0,0,0
789,0,0,0,0,0,0,0,0,0,0,0
804,0,0,0,0,0,1,0,0,1,0,0
816,0,0,0,0,0,1,0,1,0,0,0
817,0,0,0,0,0,0,0,1,0,0,0
818,0,0,0,0,0,0,0,1,0,0,0
820,0,0,0,0,0,0,0,1,0,0,0
830,0,0,0,0,1,0,0,0,0,0,0
834,0,0,0,0,0,0,0,1,1,0,0
842,0,0,0,0,0,1,0,0,1,0,0
879,0,0,0,0,0,1,0,1,0,0,0
899,0,0,0,0,0,1,0,0,1,0,0
1001,0,0,0,0,0,0,0,1,0,0,0
1015,0,0,0,0,0,1,0,1,0,0,0
1024,0,0,0,0,0,1,0,1,0,0,0
1087,0,0,1,1,0,1,0,0,1,0,0
1088,0,0,1,1,0,1,0,0,1,0,0
1089,0,0,0,0,0,1,0,1,0,0,0
1090,0,0,0,0,0,1,0,1,0,0,0
1091,0,0,0,0,0,1,0,1,1,0,0
1097,1,0,0,0,0,0,0,0,0,0,1
1098,0,0,0,0,0,0,0,0,1,0,0
1099,0,0,0,0,0,1,0,0,1,0,0
1100,0,0,0,0,0,1,0,0,1,0,0
1103,0,0,0,0,0,1,0,1,1,0,0
1105,0,0,0,0,0,0,0,1,0,0,0
1109,0,0,0,0,0,1,0,1,1,0,0
1110,0,0,0,0,0,1,0,1,0,0,0
1113,0,0,0,0,0,0,0,1,0,0,1
1119,0,0,0,0,0,1,0,1,0,0,0
1122,0,0,0,0,0,1,0,1,0,0,0
1127,0,0,0,0,0,1,0,1,0,0,0
1132,0,0,0,0,1,0,0,1,0,0,0
1133,0,0,1,0,0,1,0,0,1,0,0
1134,0,0,0,0,0,1,0,1,0,0,0
1137,0,0,0,0,0,1,0,0,1,0,0
1138,0,0,1,0,1,0,0,1,0,0,0
1139,0,0,0,0,0,1,0,1,0,0,0
1140,0,0,0,0,0,1,0,1,1,0,0
1141,0,1,1,0,0,0,0,1,0,0,0
1146,0,0,0,0,0,0,0,1,1,0,0
1149,0,0,0,0,0,1,0,1,1,0,0
1151,0,0,1,0,0,1,0,1,0,0,0
1153,0,0,0,0,0,1,0,0,1,0,0
1154,1,0,1,0,1,0,0,1,1,0,0
1155,0,0,1,0,0,0,0,1,1,0,0
1163,0,1,1,0,1,1,0,1,1,0,1
1170,0,0,1,0,0,0,0,1,1,0,0
1172,0,0,0,0,0,0,0,0,0,0,1
1180,0,0,0,0,0,0,0,0,0,0,0
1195,0,0,0,0,1,0,0,0,0,0,1
1200,0,0,1,0,1,0,0,1,0,0,1
1208,1,0,1,0,1,0,0,0,1,0,1
1209,0,0,1,0,0,0,0,1,1,0,0
1210,0,0,1,0,0,0,0,1,1,0,0
1212,0,0,1,0,1,0,0,1,1,0,0
1213,0,0,1,0,1,0,0,1,1,0,0
1217,0,0,0,0,0,0,0,0,0,0,0
1220,0,0,1,0,0,0,0,1,0,0,0
1223,0,0,0,0,0,0,0,0,1,0,0
1225,0,0,1,0,0,1,0,1,1,0,0
1229,0,0,1,0,0,0,0,1,1,0,0
1230,1,0,1,0,0,1,0,1,1,0,0
1232,1,0,1,0,0,0,0,1,1,0,0
1234,1,0,1,0,0,0,0,1,1,0,0
1235,1,0,1,0,1,0,0,1,0,0,1
1240,0,0,1,0,0,0,0,1,0,0,0
1241,0,0,1,0,0,0,0,1,0,0,0
1247,1,0,1,0,0,1,0,1,1,0,0
1249,1,0,0,0,1,0,0,1,0,0,1
1250,0,0,1,0,0,1,0,1,1,0,0
1251,1,0,0,0,1,0,0,1,0,0,1
1267,0,0,1,0,0,0,0,1,1,0,0
1271,0,0,1,0,0,1,0,1,1,0,0
1279,0,0,0,0,0,0,0,1,0,0,0
1280,0,0,0,0,0,0,0,1,0,0,0
1286,0,0,1,0,0,1,0,1,0,0,0
1292,0,0,0,0,0,0,0,1,0,0,0
1293,0,0,0,0,0,0,0,1,0,0,0
1294,0,0,0,0,0,0,0,1,0,0,0
1295,0,0,0,0,0,0,0,1,0,0,0
1322,1,0,1,0,0,0,0,1,0,0,0
1323,0,0,1,0,0,0,0,0,1,0,0
1324,0,0,1,0,0,1,0,0,1,0,0
1325,0,0,1,0,0,0,0,1,1,0,0
1326,0,0,0,0,0,0,0,1,1,0,0
1327,0,0,1,0,0,1,0,1,1,0,0
1330,0,0,0,0,0,0,0,1,0,0,0
1331,0,1,1,1,0,1,0,1,1,0,0
1334,0,0,0,0,0,0,0,1,1,0,0
1335,0,0,0,0,0,0,0,0,1,0,0
1336,0,0,0,0,0,0,0,0,1,0,0
1340,1,1,1,0,1,1,0,1,1,0,1
1347,0,0,0,0,0,0,0,0,1,0,0
1348,0,0,0,0,0,0,0,1,1,0,0
1352,0,0,0,0,0,0,0,1,1,0,0
1353,0,0,0,0,1,0,0,1,1,0,0
1354,0,0,0,0,0,0,0,1,1,0,0
1355,1,1,1,0,1,1,0,1,1,0,1
1356,0,0,0,0,0,0,0,1,1,0,0
1358,0,0,0,0,0,0,0,1,1,0,0
1359,0,0,0,0,1,0,0,1,1,0,0
1362,1,1,1,0,0,1,0,1,1,0,0
1364,0,0,0,0,0,0,0,1,0,0,0
1366,1,1,1,0,0,1,0,1,1,0,0
1369,0,0,1,0,0,1,0,1,0,0,0
1373,0,0,0,0,0,0,0,1,0,0,0
1374,0,0,0,0,0,0,0,1,0,0,1
1379,0,0,1,0,1,1,0,1,0,0,0
1393,0,0,0,0,0,0,0,1,0,0,0
1397,0,0,1,0,0,0,0,1,0,0,0
1399,0,0,0,0,0,0,0,1,0,0,0
1408,0,0,0,0,0,0,0,1,0,0,0
1416,0,0,0,0,0,0,0,1,0,0,0
1426,0,0,0,0,0,0,0,0,0,0,0
1441,0,0,0,0,0,0,0,1,0,0,0
1450,0,0,0,0,0,0,0,1,0,0,0
1452,0,0,0,0,0,0,0,0,0,0,0
1454,0,0,0,0,0,0,0,1,0,0,0
1455,0,0,0,0,0,0,0,1,0,0,0
1457,0,0,1,0,0,0,0,1,0,0,0
1458,0,0,1,0,0,0,0,1,0,0,0
1460,0,0,0,0,0,1,0,1,0,0,0
1462,1,0,1,0,1,0,0,1,0,0,1
1471,0,0,0,0,0,0,0,1,1,0,0
1472,1,0,1,0,0,0,0,1,1,0,1
1473,0,0,0,0,0,1,0,1,0,0,0
1496,0,0,0,0,0,0,0,0,0,0,1
1501,0,0,0,0,0,0,0,1,0,0,0
1504,0,0,1,0,0,0,0,1,0,0,0
1507,0,0,1,0,0,0,0,1,0,0,0
1514,0,0,1,0,0,1,0,1,1,0,0
1517,0,0,1,0,0,1,0,1,1,0,0
1518,0,0,0,0,0,0,0,1,0,0,0
1528,0,0,0,0,0,0,0,1,0,0,0
1529,0,0,0,0,0,1,0,1,0,0,0
1534,0,0,0,0,1,0,0,1,0,0,0
1535,0,0,0,0,1,0,0,1,0,0,0
1537,0,0,1,0,0,0,0,1,0,0,0
1544,0,0,0,0,0,0,0,1,0,0,0
1545,0,0,0,0,0,0,0,1,0,0,0
1546,0,0,0,0,0,0,0,1,0,0,0
1555,0,0,0,0,0,0,0,1,0,0,0
1556,0,0,0,0,0,0,0,1,0,0,0
1558,0,0,0,0,0,0,0,1,0,0,0
1561,0,0,0,0,0,0,0,1,0,0,0
1565,0,0,1,0,0,1,0,1,1,0,0
1569,0,0,1,0,0,1,0,1,1,1,0
1570,0,0,0,0,0,0,0,1,0,0,0
1571,0,0,1,0,0,0,0,1,1,0,0
1572,0,0,1,0,0,1,0,1,1,0,0
1573,0,0,0,0,1,0,0,1,1,0,0
1574,0,0,1,0,0,1,0,1,1,1,0
1575,0,0,0,0,0,0,0,1,1,0,0
1576,0,0,0,0,0,0,0,1,1,0,0
1577,0,0,0,0,0,0,0,1,1,0,0
1578,0,0,0,0,0,0,0,1,0,0,0
1580,0,0,1,0,0,0,0,1,1,0,0
1581,0,0,0,0,0,0,0,1,1,0,0
1582,0,0,1,0,0,0,0,1,1,0,0
1583,0,0,0,0,0,0,0,1,0,0,0
1589,0,0,0,0,0,0,0,1,1,0,0
1590,0,0,1,0,0,0,0,1,1,0,0
1591,0,0,1,0,0,0,0,1,1,0,0
1592,0,0,0,0,0,0,0,1,0,0,0
1593,0,0,0,0,0,0,0,1,0,0,0
1595,0,0,0,0,0,0,0,1,1,0,0
1596,0,0,0,0,1,0,0,1,1,0,0
1597,0,0,0,0,1,0,0,1,0,0,0
1598,0,0,1,0,0,0,0,1,1,0,0
1599,0,0,0,0,1,0,0,0,1,0,0
1600,0,1,1,1,0,0,0,1,1,0,0
1601,0,1,1,0,0,0,0,1,1,1,0
1604,0,1,1,1,0,0,0,1,1,0,0
1621,0,0,0,0,0,0,0,1,0,0,0
1622,0,0,0,0,0,0,0,1,0,0,0
1624,0,0,0,0,0,0,0,1,0,0,0
1628,0,0,0,0,0,0,0,1,0,0,0
1630,0,0,0,0,0,0,0,1,0,0,0
1631,0,0,0,0,0,0,0,1,0,0,0
1632,0,0,0,0,0,0,0,1,0,0,0
1633,0,0,0,0,0,0,0,1,0,0,0
1636,0,0,0,0,0,0,0,1,0,0,0
1637,0,0,0,0,0,0,0,1,0,0,0
1639,0,0,0,0,1,0,0,1,1,0,0
1640,0,0,0,0,1,0,0,1,1,0,0
1649,0,0,0,0,1,0,0,1,1,0,0
1650,0,0,0,0,1,0,0,1,1,0,0
1651,0,0,1,0,0,1,0,1,1,0,0
1655,0,0,0,0,0,1,0,1,0,0,0
1657,0,0,1,0,0,1,0,1,1,0,0
1658,0,0,0,0,0,0,0,0,0,0,0
1659,0,0,0,0,0,1,0,1,0,0,0
1666,0,0,0,0,0,1,0,1,1,0,0
4510,0,0,1,0,1,1,0,1,1,0,0
4529,0,0,0,0,1,0,0,1,0,0,1
4603,0,0,0,0,1,0,0,1,0,0,0
4600,0,0,1,0,0,0,0,1,0,0,0
4593,0,0,0,0,0,0,0,1,0,0,0
4766,0,0,0,0,0,0,0,1,0,0,0
4846,0,0,0,0,0,0,0,1,1,0,0
4908,0,0,0,0,0,0,0,1,0,0,0
4909,0,0,0,0,0,0,0,1,0,0,0
4910,0,0,0,0,0,0,0,1,0,0,0
4961,0,0,0,0,1,0,0,1,0,0,1
4962,0,0,0,0,0,0,0,1,0,0,0
4963,0,0,0,0,0,0,0,1,0,0,0
5196,0,0,1,0,0,0,0,1,1,0,0
5220,0,0,1,0,0,0,0,1,1,0,0
5221,0,0,1,0,0,0,0,1,1,0,0
5229,0,0,0,0,0,0,0,1,0,0,0
5231,0,0,0,0,0,1,0,1,0,0,0
5232,0,0,0,0,0,0,0,1,0,0,0
5272,0,0,0,0,0,0,0,1,0,0,0
5274,0,0,0,0,0,0,0,1,0,0,0
5275,0,0,0,0,0,1,0,1,0,0,0
5345,0,0,0,0,0,1,0,1,0,0,0
5346,0,0,0,0,0,0,0,1,0,0,0
5347,0,0,1,0,0,1,0,1,1,0,0
5457,0,0,0,0,1,0,0,1,0,0,1
5458,1,0,0,0,1,0,0,1,1,0,1
5491,0,0,0,1,0,1,0,1,1,0,0
5497,0,0,0,0,0,0,0,1,0,0,0
5738,0,0,0,0,0,1,0,1,0,0,0
5747,0,0,0,0,0,0,0,1,0,0,0
5774,0,0,0,0,1,0,0,1,1,0,0
5779,0,0,0,0,1,0,0,1,1,0,0
5789,0,0,0,0,0,1,0,1,0,0,0
6810,0,0,0,0,0,0,0,1,0,0,0
7047,0,0,0,0,0,0,0,0,1,0,0
7048,0,0,0,0,0,0,0,0,0,0,0
7089,0,0,0,0,0,0,0,1,1,0,0
7179,0,0,0,0,0,0,0,1,0,0,0
7390,0,0,0,0,1,0,0,1,1,0,1
7391,0,0,0,0,1,0,0,1,1,0,0
7443,0,0,0,0,1,0,0,1,1,0,1
7444,0,0,0,0,1,0,0,1,1,0,1
7476,0,0,1,0,0,0,0,1,0,0,0
7501,0,0,0,0,0,0,0,1,0,0,0
7549,0,0,0,0,0,0,0,1,0,0,0
7547,0,0,0,0,0,0,0,1,0,0,0
7943,1,0,0,0,0,1,0,1,0,0,0
8032,0,0,0,0,0,0,0,1,0,0,0
8056,0,0,0,0,0,1,0,1,0,0,0
8247,0,0,0,0,0,0,0,1,0,0,0
8248,0,0,0,0,0,0,0,1,0,0,0
8249,0,0,0,0,0,0,0,1,0,0,0
8250,0,0,0,0,0,1,0,1,0,0,0
8251,0,0,1,0,0,1,0,1,0,0,0
8258,1,1,1,0,1,0,0,1,0,1,0
8259,0,0,1,0,0,1,0,1,0,0,0
8260,0,1,0,0,0,0,0,1,0,1,0
8261,0,1,0,0,0,0,0,1,0,1,0
8268,0,0,0,0,1,0,0,1,0,0,1
8269,0,1,0,0,0,0,0,1,0,0,0
8270,0,1,0,0,0,0,0,1,0,0,0
8271,0,0,0,0,0,0,0,1,0,0,1
8272,0,0,0,0,0,0,0,0,1,0,0
8273,0,1,0,0,0,0,0,1,0,0,0
8278,0,0,0,0,0,0,0,1,1,0,0
8279,1,0,0,0,1,0,0,1,0,0,0
8280,1,0,1,0,0,1,0,1,1,0,0
8282,0,0,0,0,1,0,0,1,0,0,0
8287,0,0,0,0,0,1,0,1,0,0,0
8288,0,0,0,0,0,1,0,1,0,0,0
8289,0,0,0,0,0,1,0,1,0,0,0
8291,1,0,0,0,0,1,0,1,0,0,0
8641,0,0,1,0,0,1,0,1,1,0,0
8668,0,0,0,0,0,1,0,1,0,0,0
8669,0,0,0,0,0,1,0,1,0,0,0
8671,0,0,0,0,0,1,0,1,0,0,0
8672,0,0,0,0,0,1,0,1,0,0,0
8681,0,0,0,0,0,1,0,1,1,0,0
8683,0,0,0,0,0,1,0,1,1,0,0
8684,0,0,0,0,0,1,0,1,0,0,0
8686,0,0,0,0,0,1,0,1,0,0,0
8690,0,0,0,0,0,1,0,1,0,0,0
8691,0,0,0,0,0,1,0,1,0,0,0
8692,0,0,0,0,0,1,0,1,1,0,0
8693,1,0,0,0,1,0,0,1,0,0,1
8694,0,0,0,0,0,1,0,1,1,0,0
8696,0,0,0,0,0,0,0,1,0,0,0
8698,0,0,0,0,0,1,0,1,0,0,0
8699,0,0,0,0,0,1,0,1,0,0,0
8705,0,0,0,0,0,0,0,1,0,0,0
8706,0,0,0,0,0,1,0,1,1,0,0
8708,0,0,1,0,1,1,0,1,1,0,0
8721,0,0,0,0,0,1,0,1,0,0,0
8722,0,0,0,0,0,1,0,1,0,0,0
8723,0,0,0,0,0,1,0,1,0,0,0
8825,0,0,1,0,0,1,0,1,1,0,0
8854,0,0,1,0,0,1,0,1,1,0,0
8855,0,0,1,0,0,1,0,1,1,0,0
8856,0,0,0,0,0,1,0,1,1,0,0
8857,0,0,1,0,0,1,0,1,1,0,0
8858,0,0,0,0,1,1,0,1,1,0,0
8859,0,0,1,0,0,1,0,1,1,0,0
8860,0,0,1,0,0,1,0,0,1,0,0
8861,0,0,0,0,0,0,0,0,1,0,0
8862,0,0,1,0,0,1,0,1,0,0,0
8863,0,0,0,0,0,1,0,1,1,0,0
8864,0,0,0,0,0,0,0,1,0,0,0
8865,0,0,1,0,0,1,0,0,1,0,0
8866,0,0,0,0,0,1,0,0,1,0,0
8867,0,0,0,0,0,0,0,1,0,0,0
8868,0,0,1,0,0,1,0,0,1,0,0
8869,0,0,1,0,0,1,0,0,1,0,0
8870,0,0,1,0,0,1,0,0,1,0,0
8871,0,0,1,0,0,1,0,0,1,0,0
8872,0,0,0,0,0,0,0,1,0,0,0
8873,0,0,0,0,0,1,0,1,0,0,0
8874,0,0,1,0,0,1,0,0,1,0,0
8875,0,0,1,0,0,1,0,1,0,0,0
8876,0,0,1,0,0,1,0,1,0,0,0
8877,0,0,1,0,0,1,0,1,0,0,0
8880,0,0,1,0,0,1,0,0,1,0,0
8889,0,0,0,0,0,0,0,1,1,0,0
8909,0,0,0,0,0,0,0,1,1,0,0
8976,0,0,0,0,0,1,0,1,0,0,0
8981,0,0,0,0,0,1,0,1,0,0,0
8982,0,0,0,0,1,1,0,1,0,0,0
8986,0,0,0,0,1,1,0,1,0,0,0
9010,0,0,0,0,0,1,0,1,0,0,0
9011,0,0,0,0,0,1,0,1,0,0,0
9014,0,0,0,0,0,1,0,1,0,0,0
9015,0,0,0,0,0,1,0,1,0,0,0
9138,0,0,0,0,0,1,0,1,0,0,0
9143,1,0,0,0,1,0,0,1,0,0,1
9161,1,0,0,0,1,0,0,1,0,0,1
9181,0,0,0,0,0,0,0,1,0,0,0
9182,0,0,0,0,0,0,0,1,0,0,0
9188,0,0,0,0,0,0,0,1,0,0,0
9190,0,0,0,0,0,0,0,1,0,0,0
9196,1,0,0,0,1,0,0,1,0,0,1
9302,0,0,0,0,0,1,0,1,1,0,0
9341,0,0,1,0,0,1,0,1,1,0,0
9346,0,0,0,0,0,0,0,1,0,0,0
9354,0,0,1,0,0,1,0,1,1,0,0
9355,0,0,1,0,0,1,0,1,0,0,0
9357,0,0,0,0,0,0,0,1,0,0,0
9361,0,0,0,0,1,1,0,1,0,0,0
9363,0,0,0,0,0,1,0,1,0,0,0
9368,0,0,0,0,0,1,0,1,1,0,1
9369,0,0,0,0,0,1,0,1,0,0,0
9370,1,0,0,0,0,1,0,1,1,0,1
9372,0,0,0,0,0,0,0,1,0,0,0
9375,0,0,0,0,0,1,0,1,0,0,0
9377,0,0,0,0,0,1,0,1,1,0,0
9379,0,0,0,0,0,0,0,1,0,0,0
9384,0,0,0,0,0,0,0,1,0,0,0
9385,0,0,0,0,0,0,0,1,0,0,0
9386,0,0,0,0,0,0,0,0,0,0,0
9999,1,0,0,1,0,0,0,1,0,0,0
10001,0,0,0,0,0,1,0,1,0,0,0
10003,0,0,0,0,0,0,0,1,0,0,0
10008,1,0,0,0,0,1,0,1,0,0,0
10011,0,0,0,0,0,1,0,0,1,0,0
10015,0,0,0,0,0,1,0,1,1,0,0
10016,0,0,0,1,0,0,0,1,0,0,0
10018,1,0,0,1,0,0,0,1,0,0,0
10019,1,0,0,1,0,1,0,1,0,0,0
10020,1,0,0,1,0,0,0,1,0,0,0
10021,1,0,0,1,0,1,0,1,0,0,0
10445,0,1,1,0,0,1,0,0,1,0,0
10446,0,0,0,0,0,0,0,1,0,0,0
10447,0,0,0,0,0,1,0,1,1,0,0
10448,0,0,0,0,0,1,0,1,1,0,0
10449,0,0,0,0,0,1,0,1,1,0,0
10450,0,0,0,0,0,1,0,0,1,0,0
10452,0,0,0,0,0,1,0,0,1,0,0
10453,0,0,0,0,0,1,0,1,0,0,0
10455,0,0,0,0,0,1,0,0,1,0,0
10457,0,0,0,0,0,1,0,0,1,0,0
10458,0,0,0,0,0,1,0,0,1,0,0
10466,0,0,1,0,0,1,0,1,0,0,0
10468,0,0,0,0,0,1,0,1,1,0,0
10470,0,0,0,0,1,1,0,1,0,0,1
10472,0,0,0,0,1,1,0,1,0,0,1
10492,0,0,0,0,0,1,0,1,1,0,0
10507,0,0,0,0,0,1,0,1,0,0,0
10515,0,1,1,0,0,1,0,1,1,1,0
10544,0,0,0,0,0,0,0,1,0,0,0
10602,1,0,0,0,0,1,0,0,1,0,0
10989,0,0,0,0,0,0,0,0,0,0,0
11000,0,0,0,0,1,0,0,1,0,0,0
11002,0,0,0,0,0,0,0,1,0,0,0
11560,0,0,0,0,0,1,0,1,0,0,0
11561,0,0,0,0,0,1,0,1,1,0,0
11562,0,0,0,0,0,1,0,1,0,0,0
11563,0,0,0,0,0,1,0,1,0,0,0
11564,0,0,0,0,0,1,0,1,0,0,0
11565,0,0,0,0,0,1,0,1,0,0,0
11566,0,0,0,0,0,1,0,1,0,0,0
11567,0,0,0,0,0,1,0,1,0,0,0
11568,0,0,0,0,0,1,0,1,0,0,0
11569,0,0,0,0,0,1,0,1,0,0,0
11570,0,0,0,0,0,1,0,0,1,0,0
11571,0,0,0,0,0,0,0,1,0,0,0
11572,0,0,0,0,0,1,0,1,0,0,0
11573,0,0,0,0,0,0,0,1,0,0,0
11574,0,0,0,0,0,1,0,0,0,0,0
11575,0,0,0,0,0,1,0,1,0,0,0
11600,0,0,0,0,0,1,0,1,0,0,0
11614,0,0,0,0,0,1,0,1,0,0,0
11633,0,0,0,0,0,1,0,1,1,0,0
11635,0,0,0,0,0,1,0,1,1,0,0
11711,0,0,0,0,0,1,0,0,1,0,0
11713,0,0,0,0,0,0,0,1,0,0,0
11738,0,0,0,0,0,1,0,1,1,0,0
11799,0,0,0,0,0,0,0,0,0,0,0
11801,0,0,0,0,0,1,0,1,0,0,0
11802,0,0,0,0,0,1,0,1,0,0,0
11803,0,0,0,0,0,0,0,1,0,0,0
11804,0,0,0,0,0,1,0,1,0,0,0
11816,0,0,0,0,0,0,0,1,0,0,0
11867,0,0,0,0,0,1,0,0,0,0,0
11869,0,1,1,0,0,1,0,1,1,0,0
11870,0,1,0,0,0,1,0,1,1,0,0
11871,0,0,0,0,0,1,0,1,0,0,0
11926,0,0,0,0,0,1,0,1,0,0,0
11927,0,0,0,0,0,1,0,1,0,0,0
11931,0,0,0,0,1,1,0,1,0,0,0
11949,0,0,0,0,1,1,0,1,0,0,0
11950,0,0,0,0,0,0,0,1,0,0,0
11951,0,0,0,0,0,0,0,1,0,0,0
11952,0,0,0,0,0,1,0,1,0,0,0
11954,0,0,0,0,0,1,0,1,0,0,0
11956,0,0,0,0,0,1,0,1,0,0,0
11957,0,0,0,0,0,1,0,1,0,0,0
11958,0,0,0,0,0,1,0,1,0,0,0
11959,0,0,0,0,1,1,0,1,0,0,0
11962,0,0,0,0,0,1,0,1,0,0,0
11964,0,0,0,0,1,1,0,1,0,0,0
11973,0,0,0,0,1,0,0,1,0,0,0
11974,0,0,0,0,0,0,0,1,0,0,0
11976,0,0,0,0,0,1,0,1,0,0,0
11986,0,0,0,0,0,1,0,1,0,0,0
11988,0,0,0,0,0,0,0,1,0,0,0
12001,0,0,0,0,0,0,0,1,0,0,0
12002,0,0,0,0,0,0,0,1,1,0,0
12003,0,0,0,0,0,1,0,1,1,0,0
12005,0,0,0,0,0,0,0,1,1,0,0
12007,0,0,0,0,1,0,0,1,0,0,1
12015,0,0,0,0,0,0,0,1,0,0,0
12016,0,0,0,0,0,1,0,1,1,1,0
12030,0,0,0,0,0,0,0,1,1,0,0
12031,0,0,0,0,0,1,0,1,1,0,0
12034,0,0,1,0,0,1,0,1,1,0,0
12038,0,0,1,0,0,1,0,1,1,0,0
12039,0,0,0,0,0,1,0,1,1,0,0
12040,1,0,1,0,0,1,0,1,1,0,0
12041,1,0,1,0,0,1,0,1,1,0,0
12054,0,0,0,0,0,1,0,1,1,0,0
12066,0,0,0,0,0,1,0,1,0,0,0
12067,0,0,1,0,0,1,0,1,1,0,0
12068,1,0,0,0,0,1,0,1,1,0,0
12069,0,0,0,0,0,1,0,1,1,0,0
12077,1,1,1,0,0,1,0,1,1,0,0
12096,1,1,1,0,0,1,0,1,1,0,0
12118,1,1,1,0,0,1,0,1,1,0,0
12124,0,0,0,0,0,1,0,1,0,0,0
12126,0,0,0,0,0,1,0,1,0,0,0
12130,0,0,0,0,0,1,0,1,1,0,0
12131,1,1,1,0,0,1,0,1,1,0,0
12136,0,0,0,0,0,1,0,1,1,0,0
12138,1,0,1,0,0,1,0,1,1,0,0
12139,1,1,1,0,0,1,0,1,1,0,0
12140,0,0,0,0,0,1,0,1,0,0,0
12142,0,0,0,0,0,1,0,1,0,0,0
12145,0,0,0,0,0,1,0,1,0,0,0
12147,0,0,0,0,0,1,0,1,0,0,0
12149,0,0,0,0,0,1,0,1,0,0,0
12153,0,0,1,0,0,1,0,1,0,0,0
12155,0,0,0,0,0,1,0,1,1,0,0
12156,0,0,0,0,0,1,0,1,0,0,0
12157,1,0,1,0,0,1,0,1,1,0,0
12158,0,0,1,0,0,1,0,1,0,0,0
12160,1,0,1,0,0,1,0,1,1,0,0
12163,0,0,1,0,1,1,0,1,1,0,1
12165,1,0,1,0,0,1,0,1,1,0,0
12166,0,0,0,0,0,1,0,1,0,0,0
12169,0,0,1,0,0,1,0,1,1,0,0
12171,0,0,1,0,0,1,0,1,1,0,0
12173,1,0,1,0,0,1,0,1,1,0,0
12174,0,0,0,0,1,0,0,1,0,0,1
12186,0,0,0,0,0,1,0,1,0,0,0
12189,0,0,0,0,0,1,0,1,0,0,0
12192,0,0,1,0,0,1,0,1,0,0,0
12194,0,0,1,0,0,1,0,1,1,0,0
12195,1,0,1,0,0,1,0,1,1,0,0
12196,1,1,1,0,0,1,0,1,1,0,0
12197,1,0,1,0,1,1,0,1,1,0,1
12198,0,0,0,0,0,1,0,1,0,0,0
12199,1,0,1,0,0,1,0,1,1,0,0
12201,0,0,1,0,0,1,0,1,0,0,0
12202,1,0,0,0,1,0,0,1,0,0,1
12205,0,0,1,0,0,1,0,1,1,0,0
12206,0,0,1,0,1,1,0,1,1,0,0
12207,0,0,1,0,1,1,0,1,1,0,0
12209,1,0,1,0,0,1,0,1,1,0,0
12215,0,0,0,0,0,1,0,1,1,0,0
12216,0,0,1,0,1,1,0,1,0,0,0
12217,0,0,1,0,1,1,0,1,0,0,0
12218,0,0,1,0,0,1,0,1,1,0,0
12220,0,0,1,0,0,1,0,1,1,0,0
12221,1,0,0,0,1,0,0,1,0,0,1
12224,1,0,1,0,0,1,0,1,1,0,0
12233,0,0,1,0,0,1,0,1,0,0,0
12234,0,0,1,0,1,1,0,1,1,0,0
12235,0,0,1,0,1,1,0,1,1,0,0
12236,0,0,1,0,0,1,0,1,1,0,0
12237,0,0,1,0,1,1,0,1,1,0,0
12238,0,0,1,0,1,1,0,1,1,0,0
12239,0,0,1,0,0,1,0,1,1,0,0
12242,0,0,1,0,1,1,0,1,1,0,0
12243,0,0,0,0,0,1,0,1,1,0,0
12244,0,0,0,0,0,1,0,1,1,0,0
12245,0,0,0,0,0,1,0,1,1,0,0
12246,1,0,1,0,0,1,0,1,0,0,0
12247,0,0,0,0,0,1,0,1,1,0,0
12248,0,0,0,0,0,1,0,1,1,0,0
12249,0,0,0,0,0,1,0,1,0,0,0
12250,0,0,1,0,0,0,0,1,0,0,0
12251,0,0,1,0,0,0,0,1,1,0,0
12252,0,0,1,0,0,0,0,1,1,0,0
12254,0,0,0,0,1,0,0,1,0,0,0
12255,1,0,1,0,1,0,0,1,0,0,0
12257,0,0,0,0,0,1,0,1,1,0,0
12258,1,0,1,0,0,1,0,1,1,0,0
12260,0,0,1,0,0,1,0,1,1,0,0
12261,0,0,0,0,0,1,0,1,1,0,0
12262,0,0,0,0,0,1,0,1,1,0,0
12263,0,0,0,0,0,1,0,1,0,0,0
12265,0,0,0,0,0,0,0,1,0,0,0
12266,0,0,0,0,1,0,0,0,0,0,0
12267,0,0,0,0,0,0,0,1,1,0,0
12268,0,0,0,0,0,0,0,1,0,0,0
12269,0,0,1,0,1,1,0,1,1,0,0
12271,0,0,0,0,0,1,0,1,1,0,0
12273,0,0,0,0,0,0,0,1,0,0,0
12274,0,0,0,0,0,0,0,1,0,0,0
12275,1,0,0,0,1,0,0,0,0,0,1
12276,0,0,0,0,1,0,0,0,0,0,1
12277,0,0,0,0,0,1,0,1,1,0,0
12278,0,0,1,0,1,1,0,1,0,0,0
12279,0,0,0,0,0,1,0,1,0,0,0
12286,0,0,1,0,1,1,0,1,0,0,0
12292,0,0,0,0,0,1,0,1,0,0,0
12299,0,0,0,0,0,1,0,1,0,0,0
12303,0,0,0,0,0,1,0,1,1,0,0
12305,0,0,0,0,0,1,0,1,1,0,0
12308,0,0,0,0,0,1,0,1,1,0,0
12314,0,0,0,0,1,0,0,0,0,0,1
12315,0,0,0,0,1,0,0,0,0,0,1
12316,0,0,0,0,1,0,0,0,0,0,1
12317,0,0,0,0,1,0,0,0,0,0,1
12318,0,0,1,0,1,1,0,1,1,0,0
12325,0,0,0,0,0,1,0,1,1,0,0
12330,0,0,0,0,0,1,0,1,1,0,0
12331,0,0,0,0,0,1,0,1,1,0,0
12335,0,0,0,0,0,0,0,1,1,0,0
12336,0,0,0,0,0,1,0,1,0,0,0
12340,0,0,0,0,0,0,0,1,0,0,0
12341,0,0,0,0,0,0,0,1,0,0,0
12342,0,0,0,0,0,1,0,1,0,0,0
12362,0,0,0,0,0,0,0,1,0,0,0
12367,0,0,0,0,0,1,0,1,0,0,0
12369,0,0,0,0,0,1,0,1,0,0,0
12378,0,0,0,0,0,1,0,1,1,0,0
12379,0,0,0,0,0,1,0,1,0,0,0
12380,0,0,0,0,0,1,0,1,0,0,0
12389,0,1,0,0,0,1,0,1,1,0,0
12391,0,0,1,0,1,1,0,1,1,0,0
12414,0,0,0,0,0,0,0,1,0,0,0
12416,0,0,0,0,0,0,0,1,0,0,0
12418,0,0,0,0,0,1,0,1,1,0,0
12421,0,0,0,0,0,1,0,1,1,0,0
12425,0,0,1,0,0,1,0,1,1,0,0
12429,0,0,0,0,0,0,0,1,0,0,0
12434,0,0,1,0,1,1,0,1,1,0,0
12435,0,0,0,0,0,1,0,1,1,0,0
12437,0,0,1,0,1,1,0,1,1,0,0
12439,0,0,0,0,1,0,0,1,0,0,0
12440,0,0,0,0,0,0,0,1,0,0,0
12442,0,0,0,0,0,0,0,0,0,0,0
12456,0,0,0,0,0,1,0,1,0,0,0
12458,0,0,0,0,0,1,0,1,1,0,0
12463,0,0,1,0,1,1,0,1,1,0,0
12465,0,0,0,0,0,0,0,1,0,0,0
12466,0,0,0,0,0,1,0,1,0,0,0
12470,0,0,0,0,0,0,0,1,0,0,0
12467,0,0,0,0,0,0,0,0,0,0,0
12492,0,0,0,0,0,1,0,1,0,0,0
12493,0,0,0,0,1,0,0,1,0,0,1
12506,0,0,0,0,0,1,0,1,0,0,0
12508,0,0,0,1,0,0,0,1,0,0,0
12516,0,0,1,0,1,1,0,1,1,0,1
12522,1,0,1,0,0,1,0,1,1,0,0
12523,1,0,1,0,0,1,0,1,1,0,0
12528,0,0,0,0,0,1,0,1,1,0,0
12530,0,0,1,0,0,1,0,1,1,0,0
12531,0,0,0,0,0,1,0,1,1,0,0
12533,0,0,1,0,0,1,0,1,1,0,0
12534,0,0,0,0,0,1,0,1,1,0,0
12535,1,0,1,0,0,1,0,1,1,0,0
12536,0,0,0,0,0,0,0,1,0,0,0
12539,0,0,0,0,0,0,0,0,0,0,0
12540,0,0,0,0,0,1,0,1,1,0,0
12544,0,0,0,0,0,0,0,1,0,0,0
12545,0,0,0,0,0,0,0,1,0,0,0
12546,1,0,0,0,0,1,0,1,1,0,0
12547,0,0,0,0,0,1,0,1,1,0,0
12549,1,0,0,0,0,1,0,1,0,0,0
12550,0,0,0,0,0,0,0,1,0,0,0
12551,0,0,0,0,0,0,0,1,0,0,0
12552,0,0,1,0,1,1,0,1,0,0,1
12569,0,0,0,0,0,0,0,1,0,0,0
12570,0,0,0,0,0,1,0,1,0,0,0
12571,0,0,0,0,0,1,0,1,0,0,0
12572,1,0,1,0,0,1,0,1,1,0,0
12573,0,0,0,0,0,1,0,1,0,0,0
12574,0,0,0,0,0,1,0,1,0,0,0
12575,0,0,0,0,1,0,0,1,0,0,1
12576,0,0,0,0,0,0,0,0,0,0,0
12577,1,0,1,0,0,1,0,1,1,0,0
12579,0,0,0,0,0,0,0,1,0,0,0
12580,1,0,1,0,0,1,0,1,1,0,0
12581,1,0,0,0,1,0,0,1,0,0,1
12588,0,0,0,0,1,0,0,1,0,0,1
12591,0,0,0,0,1,0,0,1,0,0,1
12593,1,0,1,0,0,1,0,1,1,0,0
12596,0,0,1,0,1,1,0,1,0,0,1
12597,0,0,1,0,0,1,0,1,1,0,0
12598,0,0,0,0,1,0,0,1,0,0,0
12651,0,0,0,0,0,1,0,1,1,0,0
12658,0,0,1,0,1,1,0,1,0,0,0
12659,0,0,1,0,0,1,0,1,1,0,0
12660,0,0,0,0,0,1,0,1,1,0,0
12661,0,0,1,0,1,1,0,1,0,0,0
12662,1,0,0,0,0,1,0,1,1,0,0
12663,0,0,0,0,0,1,0,1,1,0,0
12664,0,0,1,0,0,1,0,1,1,0,1
12667,0,0,1,0,1,1,0,1,0,0,1
12668,0,0,1,0,1,1,0,1,0,0,1
12669,0,0,1,0,0,1,0,1,1,0,0
12671,1,0,0,0,0,1,0,1,1,0,0
12672,1,0,1,0,1,1,0,1,1,0,1
12673,0,0,1,0,1,1,0,1,1,0,0
12674,0,0,1,0,1,1,0,1,1,0,0
12675,0,0,0,0,0,1,0,1,1,0,0
12676,0,0,0,0,0,1,0,1,1,0,0
12677,1,0,0,0,0,1,0,1,1,0,0
12678,1,0,0,0,0,1,0,1,1,0,0
12679,0,0,0,0,0,1,0,1,1,0,0
12680,0,0,1,0,0,1,0,1,1,0,0
12681,0,0,0,0,0,1,0,1,1,0,0
12682,0,0,0,0,0,1,0,1,1,0,0
12683,1,0,0,0,0,1,0,1,1,0,0
12684,0,0,0,0,0,1,0,1,1,0,0
12685,0,0,0,0,0,1,0,1,0,0,0
12686,0,0,1,0,1,1,0,1,1,0,0
12687,0,0,0,0,0,1,0,1,1,0,0
12692,0,0,0,0,0,1,0,1,1,0,0
12693,0,0,0,0,0,1,0,1,1,0,0
12705,0,0,1,0,0,1,0,1,1,0,0
12718,0,0,1,0,0,1,0,1,1,0,0
12744,1,0,0,0,0,1,0,1,1,0,0
12747,0,0,0,0,1,0,0,0,0,0,1
12748,0,0,0,0,0,1,0,1,1,0,0
12750,0,0,0,0,0,1,0,1,1,0,0
12751,0,0,0,0,1,0,0,0,0,0,0
12752,0,0,0,0,0,1,0,1,1,0,0
12753,0,0,0,0,0,0,0,0,0,0,0
12754,0,0,1,0,1,1,0,1,1,0,1
12756,0,0,1,0,1,1,0,1,0,0,0
12757,1,0,0,0,1,0,0,1,1,0,1
12758,0,0,0,0,0,0,0,0,0,0,0
12759,0,0,1,0,0,1,0,1,1,0,0
12761,0,0,0,0,0,1,0,1,1,0,0
12762,0,0,0,0,0,1,0,1,1,0,0
12767,0,0,0,0,1,0,0,0,0,0,1
12769,0,0,0,0,0,0,0,0,0,0,0
12773,1,0,1,0,1,1,0,1,1,0,1
12788,1,0,0,0,1,0,0,1,0,0,1
12790,0,0,1,0,0,1,0,1,1,0,0
12793,0,0,0,0,1,0,0,1,0,0,1
12796,0,0,0,0,0,1,0,1,1,0,0
12799,0,0,1,0,1,1,0,1,1,0,0
12800,1,0,1,0,1,1,0,1,1,0,1
12801,0,0,0,0,0,1,0,1,1,0,0
12803,0,0,0,0,0,1,0,1,1,0,0
12806,0,0,0,0,0,1,0,1,1,0,0
12809,0,0,0,0,0,1,0,1,1,0,0
12811,1,0,1,0,1,1,0,1,1,0,1
12812,0,0,0,0,0,1,0,1,1,0,0
12815,0,0,0,0,0,1,0,1,1,0,0
12816,0,0,0,0,0,1,0,1,1,0,0
12818,0,0,0,0,0,1,0,1,1,0,0
12820,0,0,0,0,1,0,0,1,0,0,0
12822,0,0,1,0,0,1,0,1,1,0,0
12824,0,0,0,0,0,1,0,1,1,0,0
12826,0,0,0,0,0,1,0,1,1,0,0
12827,0,0,0,0,0,1,0,1,0,0,0
12829,1,0,1,0,1,1,0,1,1,0,0
12830,0,0,1,0,1,1,0,1,0,0,1
12833,0,0,0,0,0,1,0,1,1,0,0
12835,0,0,0,0,0,1,0,1,1,0,0
12838,0,0,0,0,0,1,0,1,1,0,0
12840,0,0,0,0,0,1,0,1,0,0,0
12841,0,0,0,0,0,1,0,1,1,0,0
12844,0,0,0,0,0,1,0,1,1,0,0
12845,0,0,0,0,1,0,0,0,0,0,1
12846,1,0,1,0,0,1,0,1,1,0,0
12847,0,0,0,0,0,1,0,1,1,0,0
12848,1,0,1,0,1,1,0,1,1,0,0
12850,0,0,0,0,0,1,0,1,0,0,0
12851,0,0,0,0,0,1,0,1,1,0,0
12853,1,0,1,0,1,1,0,1,1,0,0
12855,0,0,0,0,0,1,0,1,1,0,0
12861,0,0,0,0,0,1,0,1,1,0,0
12863,0,0,0,0,1,0,0,1,0,0,0
12864,0,0,1,0,1,1,0,1,1,0,1
12866,0,0,1,0,0,1,0,1,1,0,0
12868,0,0,0,0,0,1,0,1,1,0,0
12873,0,0,0,0,0,1,0,1,1,0,0
12874,0,0,0,0,0,1,0,1,1,0,0
12877,0,0,0,0,0,0,0,1,0,0,0
12879,1,0,0,0,0,1,0,1,1,0,0
12882,1,0,1,0,0,1,0,1,0,0,0
12883,0,0,0,0,0,1,0,1,1,0,0
12885,0,0,0,0,0,1,0,1,1,0,0
12886,0,0,0,0,0,1,0,1,1,0,0
12889,0,0,0,0,0,1,0,1,1,0,0
12895,0,0,0,0,1,0,0,1,0,0,1
12900,0,0,0,0,0,1,0,1,0,0,0
12902,0,0,0,0,0,1,0,1,0,0,0
12904,0,0,0,0,0,1,0,1,1,0,0
12910,0,0,0,0,1,0,0,0,0,0,1
12917,0,0,0,0,0,1,0,1,1,0,0
12919,1,0,1,0,0,1,0,1,1,0,0
12922,0,0,1,0,0,1,0,1,1,0,0
12923,0,0,1,0,0,1,0,1,1,0,0
12925,0,0,1,0,0,1,0,1,1,0,0
12926,0,0,1,0,0,1,0,1,1,0,0
12927,0,0,1,0,0,1,0,1,1,0,0
12930,0,0,0,0,0,1,0,1,1,0,0
12931,0,0,1,0,0,1,0,1,1,0,0
12932,0,0,0,0,0,1,0,1,1,0,0
12933,0,0,0,0,0,1,0,1,1,0,0
12937,0,0,0,0,0,1,0,1,1,0,0
12940,0,0,0,0,0,1,0,1,1,0,0
12942,0,0,1,0,0,1,0,1,1,0,0
12943,1,0,1,0,1,1,0,1,1,0,0
12944,0,0,0,0,0,1,0,1,1,0,0
12945,0,0,1,0,1,1,0,1,0,0,0
12948,1,0,1,0,1,0,0,1,0,0,1
12949,1,0,1,0,1,1,0,1,1,0,0
12950,0,0,0,0,0,1,0,1,1,0,0
12951,0,0,0,0,0,1,0,1,1,0,0
12953,0,0,0,0,0,1,0,1,1,0,0
12956,0,0,0,0,0,1,0,1,1,0,0
12959,0,0,0,0,0,1,0,1,1,0,0
12960,0,0,0,0,0,0,0,1,0,0,0
12962,0,0,0,0,0,1,0,1,0,0,0
12964,0,0,0,0,0,1,0,1,1,0,0
12972,0,0,0,0,0,1,0,1,1,0,0
12973,0,0,0,0,0,1,0,1,0,0,0
12976,0,0,1,0,0,1,0,1,1,0,0
12978,0,0,1,0,1,1,0,1,1,0,0
12980,0,0,1,0,0,1,0,1,1,0,0
12991,0,0,0,0,0,1,0,1,1,0,0
12992,0,0,1,0,1,1,0,1,1,0,0
12993,0,0,0,0,0,1,0,1,1,0,0
12996,0,0,1,0,0,1,0,1,0,0,0
12997,0,0,1,0,0,1,0,1,1,0,0
12998,0,0,1,0,1,1,0,1,1,0,0
13000,0,0,1,0,0,1,0,1,1,0,0
13001,0,0,1,0,0,1,0,1,1,0,0
13002,0,0,0,0,0,1,0,1,1,0,0
13005,0,0,1,0,0,1,0,1,1,0,0
13008,0,0,1,0,1,1,0,1,1,0,0
13009,0,0,0,0,0,1,0,1,1,0,0
13011,0,0,0,0,0,1,0,1,0,0,0
13014,0,0,1,0,0,1,0,1,1,0,0
13015,0,0,0,0,0,1,0,1,1,0,0
13016,0,0,0,0,0,1,0,1,1,0,0
13017,0,0,1,0,0,1,0,1,1,0,0
13027,0,0,0,0,0,1,0,1,1,0,0
13037,0,0,0,0,0,1,0,1,1,0,0
13038,1,0,1,0,1,1,0,1,1,0,1
13039,0,0,0,0,0,1,0,1,1,0,0
13043,0,0,1,0,0,1,0,1,1,0,0
13096,1,0,1,0,0,1,0,1,1,0,0
13097,1,0,1,0,0,1,0,1,1,0,0
13098,1,0,1,0,0,1,0,1,1,0,0
13099,0,0,0,0,0,0,0,0,0,0,0
13102,0,0,1,0,1,1,0,1,1,0,0
13103,0,0,1,0,1,1,0,1,1,0,1
13104,0,0,0,0,1,0,0,1,0,0,0
13105,0,0,0,0,0,1,0,1,1,0,0
13106,0,0,0,0,0,1,0,1,0,0,0
13107,0,0,0,0,0,1,0,1,1,0,0
13108,0,0,0,0,0,1,0,1,1,0,0
13109,0,0,0,0,0,1,0,1,1,0,0
13110,0,0,1,0,1,1,0,1,0,0,0
13111,0,0,0,0,0,1,0,1,1,0,0
13112,0,0,0,0,0,1,0,1,1,0,0
13113,0,0,0,0,0,1,0,1,0,0,0
13114,0,0,0,0,0,1,0,1,1,0,0
13116,0,0,0,0,0,1,0,1,1,0,0
13117,0,0,1,0,1,1,0,1,1,0,0
13118,0,0,0,0,0,0,0,1,1,0,0
13119,1,0,1,0,0,1,0,1,1,0,0
13120,1,0,1,0,1,1,0,1,1,0,0
13121,1,0,1,0,1,1,0,1,1,0,1
13122,0,0,1,0,1,1,0,1,1,0,0
13123,0,0,1,0,1,1,0,1,0,0,0
13124,0,0,0,0,0,0,0,0,0,0,0
13130,1,0,0,0,0,1,0,1,1,0,0
13134,1,0,1,0,0,1,0,1,1,0,0
13135,1,0,1,0,0,1,0,1,1,0,0
13145,0,0,0,0,0,1,0,1,1,0,0
13151,0,0,1,0,1,0,0,1,0,0,1
13190,0,0,0,0,0,1,0,1,1,0,0
13215,0,0,0,0,0,1,0,1,1,0,0
13218,0,0,0,0,0,1,0,1,1,0,0
13220,0,0,1,0,1,1,0,1,1,0,0
13224,0,0,1,0,0,1,0,1,1,0,0
13229,0,0,0,0,0,0,0,0,0,0,0
13233,1,0,1,0,1,1,0,1,1,0,0
13237,0,0,1,0,0,1,0,1,1,0,0
13254,0,0,1,0,0,1,0,1,1,0,0
13271,0,0,1,0,0,1,0,1,1,0,0
13275,1,0,1,0,0,1,0,1,1,0,0
13279,1,0,1,0,0,1,0,1,1,0,0
13281,0,0,1,0,0,1,0,1,1,0,0
13284,0,0,0,0,0,1,0,1,1,0,0
13293,0,0,0,0,0,0,0,1,1,0,0
13295,0,0,0,0,0,1,0,1,1,0,0
13317,0,0,0,0,0,0,0,1,0,0,0
13325,0,0,0,0,0,1,0,1,1,0,0
13328,1,0,1,0,0,0,0,1,1,0,0
13329,0,0,0,0,1,0,0,1,0,0,1
13333,0,0,1,0,1,0,0,1,0,0,1
13336,1,0,1,0,1,1,0,1,1,0,0
13365,0,0,1,0,1,1,0,1,0,0,0
13366,0,0,0,0,0,1,0,1,0,0,0
13367,0,0,0,0,0,1,0,1,1,0,0
13368,0,0,0,0,0,1,0,1,1,0,0
13369,0,0,0,0,0,1,0,1,1,0,0
13370,0,0,0,0,0,1,0,1,1,0,0
13371,0,0,1,0,1,1,0,1,1,0,0
13372,0,0,0,0,0,1,0,1,1,0,0
13373,0,0,1,0,1,1,0,1,0,0,0
13374,0,0,1,0,1,1,0,1,0,0,0
13376,0,0,1,0,0,1,0,1,1,0,0
13377,1,0,1,0,0,1,0,1,1,0,0
13378,0,0,1,0,1,1,0,1,1,0,0
13379,0,0,0,0,0,1,0,1,1,0,0
13380,0,0,0,0,0,0,0,1,1,0,0
13381,0,0,0,0,0,1,0,1,1,0,0
13389,0,0,0,0,0,0,0,1,1,0,0
13391,0,0,0,0,0,1,0,1,1,0,0
13392,0,0,0,0,0,0,0,1,0,0,0
13397,0,0,0,0,0,0,0,0,0,0,0
13399,0,0,0,0,0,0,0,1,1,0,0
13404,0,0,0,0,0,0,0,1,0,0,0
13408,0,0,0,0,0,0,0,1,0,0,0
13498,0,0,0,0,0,0,0,0,0,0,0
13499,0,0,0,0,0,1,0,1,1,0,0
13501,0,0,1,0,1,1,0,1,0,0,0
13502,0,0,1,0,1,1,0,1,1,0,0
13504,0,0,1,0,1,1,0,1,1,0,1
13605,0,0,0,0,0,1,0,1,0,0,0
13622,1,0,1,0,1,0,0,1,0,0,1
13625,1,0,1,0,1,0,0,1,0,0,1
13626,1,0,1,0,1,1,0,1,1,0,1
13627,0,0,1,0,1,0,0,1,0,0,1
13628,1,0,1,0,1,1,0,1,1,0,1
13629,0,0,1,0,1,0,0,1,0,0,1
13631,0,0,1,0,1,1,0,1,1,0,1
13632,0,0,0,0,1,0,0,1,0,0,1
13633,0,0,0,0,1,0,0,1,0,0,1
13634,0,0,1,0,1,1,0,1,1,0,1
13636,0,0,1,0,1,1,0,1,1,0,1
13637,1,0,1,0,1,1,0,1,1,0,1
13638,0,0,1,0,1,0,0,1,0,0,1
13639,0,0,1,0,1,0,0,1,0,0,1
13641,0,0,1,0,1,0,0,1,0,0,1
13642,0,0,1,0,1,1,0,1,1,0,1
13644,0,0,1,0,1,0,0,1,0,0,1
13645,0,0,1,0,1,0,0,1,0,0,1
13646,0,0,1,0,1,0,0,1,0,0,1
13709,0,0,0,0,0,0,0,0,0,0,0
13768,0,0,1,0,1,0,0,1,0,0,1
13769,1,0,1,0,1,1,0,1,1,0,1
13770,0,0,1,0,1,1,0,1,1,0,1
13771,1,0,1,0,1,1,0,1,1,0,0
13772,0,0,1,0,1,1,0,1,0,0,1
13773,0,0,1,0,1,0,0,1,0,0,1
13778,1,0,1,0,1,1,0,1,1,0,1
13779,0,0,0,0,1,0,0,1,0,0,1
13780,1,0,1,0,1,1,0,1,1,0,1
13781,0,0,1,0,1,1,0,1,1,0,1
13782,1,0,1,0,1,1,0,1,1,0,1
13783,0,0,0,0,1,0,0,1,0,0,1
13784,0,0,0,0,1,0,0,1,0,0,1
13785,0,0,1,0,1,1,0,1,1,0,1
13786,1,0,0,0,1,0,0,1,0,0,1
13787,1,0,1,0,1,1,0,1,1,0,1
13788,0,0,0,0,1,0,0,1,0,0,1
13789,0,0,0,0,1,0,0,1,0,0,1
13790,0,0,0,0,1,0,0,1,0,0,1
13791,0,0,0,0,0,0,0,0,0,0,0
13792,0,0,0,0,1,0,0,1,0,0,1
13793,1,0,0,0,1,0,0,1,0,0,1
13794,1,0,0,0,1,0,0,1,0,0,1
13795,0,0,0,0,1,0,0,1,0,0,1
13796,0,0,0,0,1,0,0,1,0,0,1
13797,0,0,1,0,1,1,0,1,1,0,1
13798,0,0,0,0,1,0,0,1,0,0,1
13799,0,0,1,0,1,1,0,1,1,0,1
13800,0,0,1,0,1,1,0,1,0,0,1
13801,0,0,1,0,1,1,0,1,0,0,1
13802,0,0,0,0,1,0,0,1,0,0,1
13803,0,0,0,0,1,0,0,1,0,0,1
13804,0,0,0,0,1,0,0,1,0,0,1
13805,1,0,0,0,1,0,0,1,0,0,1
13806,0,0,0,0,0,0,0,0,0,0,0
13807,0,0,0,0,1,0,0,1,0,0,1
13808,0,0,1,0,0,0,0,1,0,0,1
13809,0,0,0,0,1,0,0,1,0,0,1
13810,0,0,1,0,1,1,0,1,1,0,1
13811,1,0,0,0,1,0,0,1,0,0,1
13812,0,0,1,0,1,1,0,1,0,0,1
13813,0,0,0,0,1,0,0,1,0,0,1
13814,0,0,0,0,1,0,0,1,0,0,1